timestamp,station_id,temperature,pressure,humidity
2026-10-01T08:00:00,AWS-OD-001,26.5,1012.3,74.0
2026-10-01T08:15:00,AWS-OD-001,27.1,1012.1,72.5
2026-10-01T08:30:00,AWS-OD-001,27.8,1011.8,70.0
2026-10-01T08:45:00,AWS-OD-001,28.4,1011.5,68.2
2026-10-01T09:00:00,AWS-OD-001,29.1,1011.0,66.0
2026-10-01T09:15:00,AWS-OD-001,29.7,1010.8,64.5
2026-10-01T09:30:00,AWS-OD-001,48.2,1010.5,63.0
2026-10-01T09:45:00,AWS-OD-001,30.8,1010.2,61.5
2026-10-01T10:00:00,AWS-OD-001,31.2,1010.0,60.0
2026-10-01T10:15:00,AWS-OD-001,31.5,1009.8,60.0
2026-10-01T10:30:00,AWS-OD-001,31.5,1009.8,60.0
2026-10-01T10:45:00,AWS-OD-001,31.5,1009.8,60.0
2026-10-01T11:00:00,AWS-OD-001,31.5,1009.8,60.0
2026-10-01T11:15:00,AWS-OD-001,32.4,1009.2,57.5
2026-10-01T11:30:00,AWS-OD-001,32.8,1009.0,56.0
2026-10-01T11:45:00,AWS-OD-001,33.1,1008.8,55.0
2026-10-01T12:00:00,AWS-OD-001,26.0,1008.5,115.0
2026-10-01T12:15:00,AWS-OD-001,33.8,1008.2,53.5
2026-10-01T12:30:00,AWS-OD-001,34.0,1008.0,52.0
2026-10-01T12:45:00,AWS-OD-001,34.2,1007.8,51.0
2026-10-01T13:00:00,AWS-OD-001,34.5,1007.5,50.0
2026-10-01T13:15:00,AWS-OD-001,34.6,1007.2,49.5
2026-10-01T13:30:00,AWS-OD-001,,1007.0,49.0
2026-10-01T13:45:00,AWS-OD-001,34.8,1006.8,48.5
2026-10-01T14:00:00,AWS-OD-001,35.0,1006.5,48.0
